{"cameraMode":{"drawMode":0,"name":"Shaded","section":"Shading Mode"},"sceneLighting":true,"audioPlay":false,"sceneViewState":{"m_AlwaysRefresh":false,"showFog":true,"showSkybox":true,"showFlares":true,"showImageEffects":true,"showParticleSystems":true,"showVisualEffectGraphs":true,"m_FxEnabled":true},"in2DMode":false,"pivot":{"x":-0.18495716154575349,"y":0.8647060990333557,"z":0.28999093174934389},"rotation":{"x":-0.02688133530318737,"y":0.8988800644874573,"z":-0.055616412311792377,"w":-0.43386930227279665},"size":1.1722493171691895,"orthographic":false}