{"cameraMode":{"drawMode":2,"name":"Shaded Wireframe","section":"Shading Mode"},"sceneLighting":true,"audioPlay":false,"sceneViewState":{"m_AlwaysRefresh":false,"showFog":true,"showSkybox":true,"showFlares":true,"showImageEffects":true,"showParticleSystems":true,"showVisualEffectGraphs":true,"m_FxEnabled":true},"in2DMode":false,"pivot":{"x":1.3412621021270753,"y":0.5807029008865356,"z":0.17556625604629517},"rotation":{"x":0.08230891078710556,"y":-0.7946854829788208,"z":0.11060595512390137,"w":0.5911856889724731},"size":0.8660253882408142,"orthographic":false}